name,label
66.jpg,0
70.jpg,0
71.jpg,0
73.jpg,0
98.jpg,0
99.jpg,0
142.jpg,1
67.jpg,1
68.jpg,1
69.jpg,1
77.jpg,1
78.jpg,1
94.jpg,1
97.jpg,1
108.jpg,10
136.jpg,10
147.jpg,10
150.jpg,10
151.jpg,10
183.jpg,10
200.jpg,10
105.jpg,11
106.jpg,11
156.jpg,11
161.jpg,11
79.jpg,11
80.jpg,11
81.jpg,11
82.jpg,11
197.jpg,12
198.jpg,12
32.jpg,12
33.jpg,12
51.jpg,12
52.jpg,12
54.jpg,12
56.jpg,12
63.jpg,12
123.jpg,2
125.jpg,2
128.jpg,2
129.jpg,2
138.jpg,2
139.jpg,2
152.jpg,2
45.jpg,2
132.jpg,3
49.jpg,3
50.jpg,3
64.jpg,3
91.jpg,3
92.jpg,3
93.jpg,3
34.jpg,4
35.jpg,4
37.jpg,4
38.jpg,4
39.jpg,4
40.jpg,4
41.jpg,4
42.jpg,4
43.jpg,4
59.jpg,4
114.jpg,5
115.jpg,5
117.jpg,5
121.jpg,5
171.jpg,5
180.jpg,5
190.jpg,5
191.jpg,5
109.jpg,6
116.jpg,6
120.jpg,6
148.jpg,6
175.jpg,6
185.jpg,6
188.jpg,6
58.jpg,6
169.jpg,8
170.jpg,8
176.jpg,8
72.jpg,8
74.jpg,8
75.jpg,8
76.jpg,8
44.jpg,9
46.jpg,9
47.jpg,9
48.jpg,9
57.jpg,9
